-0.238286,-0.10586,-0.217717,-0.222093,-0.147759,-0.15608,-0.21608,-0.15051,-0.243177,-0.181456,
0,0,0,0,0,0,0,0,0,0,
0,0,0,0,0,0,0,0,0,0,
0,0,0,0,0,0,0,0,0,0,
-2.42115e-007,-1.08463e-007,-1.39333e-007,-2.01433e-007,-1.74764e-007,-1.70395e-007,-1.61188e-007,5.71461e-007,-1.44347e-007,-1.99717e-007,
1.82224e-006,8.16329e-007,1.04867e-006,1.51605e-006,1.31533e-006,1.28244e-006,1.21315e-006,-4.301e-006,1.0864e-006,1.50313e-006,
3.84843e-005,2.1524e-005,2.48449e-005,3.26705e-005,3.05994e-005,2.86263e-005,2.84216e-005,-0.000103093,2.68408e-005,3.42168e-005,
-1.59192e-005,-5.59393e-005,-3.99034e-005,-2.06828e-005,-4.36294e-005,-2.87745e-005,-4.25097e-005,0.000177284,-5.38917e-005,-4.12992e-005,
-1.52802e-005,-2.94924e-005,-2.31335e-005,-1.62395e-005,-2.5996e-005,-1.89431e-005,-2.50061e-005,0.000101783,-2.97358e-005,-2.58383e-005,
2.41347e-006,2.03166e-006,1.35235e-006,9.25796e-007,1.59415e-006,1.05453e-006,1.48689e-006,-7.49388e-006,1.98813e-006,1.63104e-006,
-2.52825e-005,2.33812e-006,5.46029e-006,3.07225e-006,4.63779e-006,4.82657e-006,5.40758e-006,3.95805e-006,3.01881e-006,3.33869e-006,
-2.85447e-006,2.63981e-007,6.16484e-007,3.46867e-007,5.23621e-007,5.44935e-007,6.10533e-007,4.46877e-007,3.40833e-007,3.76949e-007,
-1.185e-007,-3.458e-007,-4.27085e-007,-3.97966e-007,-5.33835e-007,-4.61248e-007,-4.9622e-007,2.38872e-007,-4.88142e-007,1.92459e-006,
6.56099e-006,5.8487e-006,9.97076e-006,8.62944e-006,9.83109e-006,8.41851e-006,9.01758e-006,5.83012e-006,8.35299e-006,-4.99103e-005,
1.47513e-005,1.52922e-005,-4.68795e-006,7.42078e-006,2.07751e-005,1.70984e-005,1.91472e-005,-2.37245e-005,2.13403e-005,-4.9003e-005,
2.81801e-005,3.3571e-005,-0.000128607,-7.03101e-005,3.76523e-005,3.01976e-005,3.7709e-005,1.36441e-005,4.54053e-005,3.54949e-005,
3.79731e-005,4.04552e-005,-5.74272e-005,-0.00020946,3.74575e-005,4.52683e-005,3.9108e-005,3.35964e-005,5.48861e-005,3.33909e-005,
9.86261e-006,6.49812e-006,1.53273e-005,-7.00639e-005,4.3302e-006,1.19083e-005,5.51395e-006,4.8793e-006,8.85781e-006,5.50151e-006,
-2.31052e-007,-3.50072e-007,-5.27799e-007,2.73116e-006,-2.24547e-007,-3.50025e-007,-2.20978e-007,-2.69269e-007,-4.89647e-007,-2.63552e-007,
-7.94637e-008,-4.39458e-008,-5.36016e-008,4.47097e-007,-3.50891e-008,-8.99347e-008,-4.57157e-008,-3.32205e-008,-5.87759e-008,-3.9491e-008,
0,0,0,0,0,0,0,0,0,0,
0,0,0,0,0,0,0,0,0,0,
-4.57563e-008,-4.55836e-008,5.22223e-008,-6.47481e-008,2.7376e-007,-4.60513e-008,-6.87199e-008,-5.87793e-008,-5.4525e-008,-8.19317e-008,
-1.1666e-006,-6.18288e-007,2.4141e-006,4.69777e-007,6.19661e-007,-9.26669e-007,-6.79686e-007,-8.94861e-007,-8.74958e-007,-8.01082e-007,
1.47941e-005,9.4509e-006,-2.43468e-005,9.02867e-006,-2.89414e-005,1.18447e-005,1.20043e-005,5.73123e-006,1.31313e-005,1.49509e-005,
4.81211e-005,3.47844e-005,-6.04436e-005,-7.46401e-005,-0.000126117,5.07704e-005,4.97319e-005,0.000111133,3.2887e-005,4.82438e-005,
-0.000224301,-4.85516e-005,-0.000275189,-0.000591673,-0.000390365,-9.47314e-005,-9.13317e-005,0.000919654,-7.42089e-005,-0.000133255,
-4.69962e-005,-2.09586e-005,-0.000367001,-0.00046393,-0.000331875,2.15428e-006,-4.9962e-006,0.00075295,-3.04609e-005,-2.10229e-005,
0.000222371,0.000117846,-3.44032e-006,-8.77858e-007,-5.41269e-005,0.00016544,0.000194862,-0.000275962,7.06915e-005,0.000146967,
0.000282151,0.000162658,0.000228199,0.000233506,-6.64924e-005,0.000167559,0.000243994,-0.000540961,0.000101446,0.000190885,
0.000497969,0.000108367,0.000178826,0.000162681,-0.000284865,0.000113345,0.000150663,-0.000266847,0.000105025,2.71704e-005,
0.000141164,8.67579e-005,0.000181338,0.000127732,-0.000349226,0.000118102,0.000154979,5.24866e-005,0.000126089,1.52485e-005,
8.66942e-005,0.000108673,9.21018e-005,0.000179818,-0.000235551,-0.000159267,0.000189598,0.00014775,0.000150031,2.6933e-005,
-0.000129749,0.000124865,-0.000342722,-0.000167881,-1.84404e-005,-0.0004242,0.000202744,0.000176065,0.000188393,0.000710462,
-0.000309854,0.000112071,-0.000882934,-0.000761939,0.000144008,-3.57802e-005,0.000223168,0.000587969,0.000209753,0.000786981,
-0.000407785,-9.97055e-006,0.000140622,-0.000520438,5.18018e-005,0.000103374,0.000134104,0.000244663,9.00073e-005,-8.9998e-005,
-0.000452195,-0.000163939,-0.000287483,0.00109003,-5.34106e-005,-0.000198584,-1.37377e-005,-5.92229e-005,-0.000130854,-9.32876e-005,
-0.000100192,5.38459e-005,-0.00044672,-2.01653e-005,0.000104471,2.00201e-006,0.000106524,9.17589e-005,0.000131648,9.34085e-005,
7.40346e-005,5.93544e-005,3.30787e-006,-0.000537961,6.72792e-005,3.56607e-005,5.9978e-005,5.16694e-005,0.000112424,7.85469e-005,
2.11317e-005,2.55058e-005,3.02945e-005,-6.05299e-005,2.25451e-005,2.41933e-005,2.01077e-005,-1.13053e-005,3.37284e-005,-5.22643e-005,
5.5218e-006,8.14159e-006,7.23332e-006,1.43575e-005,6.43717e-006,6.59866e-006,6.70121e-006,-4.43455e-007,9.41031e-006,-3.54131e-005,
0,0,0,0,0,0,0,0,0,0,
-3.85069e-007,-2.38756e-007,3.45668e-006,8.23591e-008,-1.76757e-006,-3.07671e-007,-3.27803e-007,-1.82303e-007,-5.19409e-007,-4.89559e-008,
1.01117e-005,6.51698e-006,-1.85973e-005,-7.0957e-006,-1.46199e-005,9.86507e-006,7.92459e-006,7.93155e-006,9.58507e-006,8.5298e-006,
6.60729e-006,6.00039e-006,-0.000164651,-5.41159e-005,0.000223253,9.75665e-006,2.57431e-005,-2.82318e-005,1.46132e-005,-1.12677e-005,
-0.000780684,-0.00054509,-0.00101162,0.00147094,0.00234176,-0.000921222,-0.000855368,-0.000669717,-0.000569883,-0.000877674,
-0.0041341,-0.00274233,-0.00308802,0.00830763,0.000842786,-0.00464946,-0.00417231,0.0013991,-0.00366276,-0.00426529,
-0.00376585,-0.00262935,-0.00182265,0.00739561,0.00178437,-0.00415047,-0.00390099,0.00435865,-0.0037023,-0.00451855,
-0.00455135,-0.00267879,-0.00298449,0.00295197,8.2662e-005,-0.0039115,-0.00419721,0.0106279,-0.00334265,-0.00465944,
-0.00595879,-0.00259016,-0.00374146,-0.00296849,-0.000781012,-0.00342202,-0.00389908,0.0128432,-0.00285858,-0.00478162,
-0.00339234,-0.00131902,-0.00216954,-0.00192814,0.00155252,-0.00212595,-0.00222358,0.00446163,-0.00136951,-0.00191785,
-0.00268037,-0.000559853,-0.00104289,-0.000835938,0.00238698,-0.000173646,-0.00125477,0.000867963,-0.000674677,-0.0011276,
-0.00317811,-0.000364532,-0.000571099,-0.00103194,0.000953702,0.00499705,-0.000901167,-0.000530083,-0.000351784,-0.000277251,
-0.00342081,-0.0012054,0.00255235,0.00239468,-0.00185423,0.00437038,-0.0020548,-0.00142209,-0.00175428,0.00142513,
-0.00499983,-0.00302035,0.0120183,0.0135413,-0.00434404,-0.00495605,-0.00483133,-0.00313277,-0.00529732,0.00138749,
-0.00740064,-0.00516888,0.0242174,0.0217156,-0.0067809,-0.00748371,-0.00796283,-0.00533076,-0.00926272,-0.00199053,
-0.00615752,-0.00415996,0.0157675,0.0226289,-0.004963,-0.00461635,-0.00579459,-0.00425237,-0.00738732,-0.00379484,
-0.0025354,-0.00161786,0.00234973,0.0143395,-0.00161805,-0.00224611,-0.00168091,-0.00171329,-0.00289577,-0.00174623,
-0.000891036,-0.000795798,0.000183127,0.0080427,-0.000834058,-0.000775728,-0.000698362,-0.00113503,-0.00138327,-0.00122097,
-5.23483e-005,-9.57615e-005,-0.000133611,0.000502407,-9.02803e-005,-0.000101912,-8.13444e-005,-0.000279435,-0.000146303,0.000344706,
-3.71268e-005,-6.53063e-005,-5.93086e-005,-0.000120024,-4.07923e-005,-5.23026e-005,-5.65168e-005,-0.000179917,-7.57979e-005,0.000434332,
0,0,0,0,0,0,0,0,0,0,
6.86937e-006,5.99114e-006,-3.06009e-005,5.89353e-006,-1.5469e-005,6.25801e-006,9.78573e-006,6.65522e-006,8.91107e-006,7.98842e-006,
5.18096e-005,2.43207e-005,-0.00012981,-1.595e-005,1.91192e-005,4.5883e-005,1.48818e-005,4.04062e-005,2.55062e-005,2.91289e-005,
-0.00097904,-0.000704702,0.00420284,-0.00078696,0.00139237,-0.00085745,-0.000995429,-0.00090545,-0.00100895,-0.000902086,
-0.00476389,-0.00320887,0.00807817,0.00422043,0.00523691,-0.00459408,-0.00451425,-0.00464612,-0.00399096,-0.00430841,
-0.0109696,-0.00820297,0.00664761,0.0139624,0.00611832,-0.0108551,-0.00998908,-0.000600013,-0.0104662,-0.0121039,
-0.0140292,-0.0118006,0.00954399,0.00922135,0.00328112,-0.013574,-0.0136297,0.015368,-0.0105885,-0.0179882,
-0.0158678,-0.0119954,-0.00287694,-0.00747601,0.00139814,-0.0135366,-0.0154983,0.0282956,-0.00574199,-0.0137571,
-0.0128493,-0.0112372,-0.0131606,-0.0167375,0.0060788,-0.0114154,-0.0148357,0.0224439,-0.00667655,-0.00926259,
-0.00634616,-0.00972552,-0.0167707,-0.0153042,0.0141092,-0.010573,-0.0131511,0.00836533,-0.0119912,-0.00385445,
0.00211491,-0.00842756,-0.0182775,-0.013957,0.0226815,-0.011433,-0.0131443,-0.00901427,-0.0134716,-0.000264072,
0.009608,-0.0113104,-0.00948091,-0.0174056,0.0175015,0.00123061,-0.0177057,-0.0164646,-0.0163119,-0.00681788,
0.0200123,-0.0163076,0.0206038,-0.00263875,-0.00515268,0.0102641,-0.0255122,-0.0212594,-0.0248957,-0.0157274,
0.0223198,-0.0220392,0.0638979,0.0316327,-0.0276735,-0.00283854,-0.0326747,-0.0244326,-0.0339293,-0.0210605,
0.0133484,-0.0267131,0.080438,0.0726329,-0.0330757,-0.0164364,-0.0392517,-0.0282318,-0.0389939,-0.024234,
0.010021,-0.0216659,0.0604301,0.0785733,-0.0260834,-0.0174268,-0.0299761,-0.022788,-0.0327883,-0.0212203,
0.0054207,-0.00885958,0.0195979,0.05115,-0.0114672,-0.0110259,-0.0127898,-0.00983655,-0.0162242,-0.0114587,
-0.00464136,-0.00316901,-0.000850138,0.0292942,-0.00480142,-0.00253371,-0.00413922,-0.000543921,-0.00757541,-0.00419884,
-0.0017747,-0.00208349,-0.00247425,0.0024713,-0.00176536,-0.00180601,-0.00159631,0.00230505,-0.00261167,0.00424791,
-0.000377134,-0.000522325,-0.000439608,-0.000871617,-0.000468208,-0.00042102,-0.000406306,0.00101755,-0.000596929,0.00141624,
0,0,0,0,0,0,0,0,0,0,
2.93705e-005,2.43524e-005,-0.000133328,1.37853e-005,2.17149e-005,2.94054e-005,1.50121e-005,2.6166e-005,3.25296e-005,2.61831e-005,
0.000140223,3.84499e-006,0.000357364,-0.000274633,-0.000111586,-0.000124273,0.00012402,6.90378e-005,9.40234e-005,4.85223e-005,
-0.00419438,-0.00230878,0.0126428,-0.000380819,-0.0016341,-0.00196639,-0.00230208,-0.00360437,-0.00409018,-0.0030767,
-0.0144215,-0.00878808,0.0203344,0.0141208,-0.00429787,-0.00720345,-0.0104474,-0.00972181,-0.0133503,-0.0135221,
-0.0216794,-0.0202302,0.0176395,0.0207444,-0.00481769,-0.0159781,-0.0206925,0.00469053,-0.0168468,-0.0264858,
-0.0212642,-0.0258819,0.0106137,-0.00262228,-0.0032406,-0.0225,-0.0295191,0.0323201,-0.0131541,-0.0309442,
-0.0160222,-0.0262167,-0.0089907,-0.0268821,-0.00129809,-0.0273572,-0.0322393,0.0433364,-0.0146187,-0.0205549,
0.00161428,-0.0234325,-0.0321799,-0.04005,0.0109271,-0.0234347,-0.0285369,0.0190499,-0.0204466,-0.00287033,
0.0162629,-0.0212154,-0.0436805,-0.0389035,0.0352183,-0.0216599,-0.0262307,-0.00315123,-0.0314295,-0.000156299,
0.0365374,-0.0268279,-0.0484547,-0.0408122,0.0657268,-0.0321412,-0.0296639,-0.0353074,-0.0416588,-0.00832481,
0.0606202,-0.0361937,-0.0135564,-0.0501613,0.0570719,-0.0409602,-0.0389319,-0.0506742,-0.0545604,-0.0264512,
0.0802152,-0.0437194,0.0546096,-0.0466535,0.00400655,-0.016253,-0.0486817,-0.0538781,-0.0646339,-0.046713,
0.0751793,-0.0576249,0.106865,-0.0230719,-0.0571851,0.0360911,-0.0613304,-0.0617665,-0.0690706,-0.0571626,
0.0554389,-0.0626243,0.115091,0.0482997,-0.0719816,0.0338968,-0.0729068,-0.0649426,-0.0579152,-0.0590017,
0.0398651,-0.0440278,0.0791163,0.104486,-0.0580148,0.00447433,-0.0651514,-0.0508642,-0.0372881,-0.0503156,
0.019543,-0.0191851,0.0232381,0.0844126,-0.0302227,-0.00783638,-0.0352118,-0.0221797,-0.0224532,-0.027975,
-0.0100507,-0.0061494,-0.00808057,0.0394923,-0.00910822,-0.00706378,-0.0123776,0.00450939,-0.0182807,-0.000285422,
-0.00667488,-0.00629943,-0.00751744,0.000526584,-0.00632299,-0.00606836,-0.00528951,0.0197964,-0.00786583,0.00846002,
-0.00180729,-0.00157771,-0.00153267,-0.00231158,-0.00201285,-0.0015676,-0.00142733,0.00881913,-0.00181089,-0.000257597,
0,0,0,0,0,0,0,0,0,0,
7.89921e-005,1.9161e-005,-0.000260916,3.08704e-006,7.45337e-005,7.23521e-005,4.7018e-005,6.2774e-005,8.89311e-005,6.55048e-005,
-0.000561516,-0.000495916,0.00394633,-0.000994317,-0.00090308,-0.000970885,-0.000106218,-0.000555675,-0.000659088,-0.000473322,
-0.00778059,-0.00301763,0.0187598,0.00444358,-0.00444134,-0.00423012,-0.00614006,-0.00608452,-0.00892501,-0.00659595,
-0.0205984,-0.0156824,0.0250335,0.0304876,-0.00893014,-0.00638566,-0.0230106,-0.0106457,-0.0213497,-0.023339,
-0.0299983,-0.0349226,0.00973761,0.0241054,-0.0168971,-0.0067856,-0.0450286,0.0164483,-0.0235939,-0.0442952,
-0.0286516,-0.0475214,-0.0129892,-0.0159719,-0.0207495,-0.0159553,-0.0542482,0.0595266,-0.0263052,-0.0457128,
-0.0134901,-0.0467412,-0.0390671,-0.0563053,-0.00543285,-0.0263996,-0.0461453,0.0651972,-0.032322,-0.0216706,
0.00535212,-0.041666,-0.0716663,-0.078078,0.0261494,-0.0282736,-0.0422077,0.0352283,-0.045009,0.0116153,
0.0314455,-0.0502583,-0.0909627,-0.0726318,0.0654363,-0.0322533,-0.0421357,-0.0130982,-0.064287,0.0261329,
0.0707406,-0.0636779,-0.0654923,-0.0696536,0.112992,-0.0580445,-0.0346025,-0.0716717,-0.0903588,-0.003618,
0.101012,-0.0721194,-0.00429682,-0.0799319,0.114546,-0.0847138,-0.0185676,-0.0870055,-0.106554,-0.0545917,
0.116683,-0.0762482,0.0533461,-0.083319,0.0321293,-0.0584147,0.00419975,-0.0783747,-0.0851879,-0.0826671,
0.105749,-0.085149,0.0834949,-0.0848142,-0.0675854,0.0230098,0.00190023,-0.0840406,-0.0381443,-0.0887869,
0.0693806,-0.0828131,0.0881524,-0.0364585,-0.105016,0.0682928,-0.0427543,-0.0958336,0.00199521,-0.0935939,
0.0497881,-0.0528284,0.0576369,0.0688396,-0.0981043,0.030787,-0.089205,-0.0865124,0.0151421,-0.0898517,
0.0153823,-0.0203459,-0.00860288,0.0913544,-0.0630755,-0.00496745,-0.0731658,-0.0381102,0.0153076,-0.0501946,
-0.0216038,-0.012821,-0.0285203,0.0411599,-0.0273292,-0.0108351,-0.0296289,0.0330838,-0.0107971,-0.0043127,
-0.0127088,-0.0113442,-0.0121555,-0.00141671,-0.0114769,-0.0117233,-0.00943558,0.04924,-0.0140596,0.00566507,
-0.00281654,-0.00221571,-0.00235416,-0.00337455,-0.00270551,-0.00233159,-0.00220907,0.0132899,-0.00273006,-0.0012309,
7.89963e-007,9.82814e-007,2.26223e-006,1.02442e-006,1.94939e-006,1.1801e-006,-1.15401e-006,1.3707e-006,9.90164e-007,1.64251e-006,
0.000178933,0.000107139,-0.000506364,5.73614e-005,8.24106e-005,5.33255e-005,6.02743e-005,0.000150906,0.00021784,0.000160939,
-0.00194612,-0.00220566,0.0124348,-0.00124194,-0.00131913,-0.00173226,-0.00290962,-0.00144431,-0.00226265,-0.00126048,
-0.0118289,-0.00870761,0.0290226,0.00832215,-0.00173167,-0.00274932,-0.0141166,-0.00973045,-0.0168869,-0.0123104,
-0.0243172,-0.0331087,0.0260663,0.0455457,-0.00599728,-0.00305405,-0.0367503,-0.0230421,-0.034794,-0.0403033,
-0.0315312,-0.0588136,-0.0045767,0.0320157,-0.0205878,-0.00748724,-0.0618235,0.0145012,-0.0318792,-0.0630284,
-0.0382833,-0.0755692,-0.037737,-0.0343872,-0.0285927,-0.0220488,-0.0688171,0.0684248,-0.030724,-0.0500837,
-0.0230288,-0.0790899,-0.0875017,-0.101329,-0.00915445,-0.0245692,-0.0579508,0.0670813,-0.0358147,0.00208429,
0.0103038,-0.0835891,-0.130837,-0.123563,0.0319402,-0.0195358,-0.0442181,0.0147476,-0.061041,0.0518616,
0.0481168,-0.10165,-0.145489,-0.1014,0.0768926,-0.0250316,-0.0162619,-0.0644745,-0.109018,0.0569494,
0.070765,-0.111202,-0.0813801,-0.0787529,0.105472,-0.0507841,0.024628,-0.128889,-0.140786,0.0237619,
0.0697285,-0.110733,9.30791e-005,-0.100771,0.117132,-0.0912766,0.057287,-0.121326,-0.127086,-0.0313015,
0.0642249,-0.0984513,0.0429672,-0.106734,0.029657,-0.0914113,0.0944731,-0.0907151,-0.022141,-0.0739118,
0.0515433,-0.0785224,0.0528144,-0.113847,-0.073172,-0.038311,0.0946161,-0.0979937,0.0700345,-0.0990023,
0.0456615,-0.0595447,0.0489161,-0.107998,-0.132107,0.0376792,0.0150317,-0.116951,0.0616059,-0.12248,
0.0520288,-0.0289278,0.0101145,0.0077918,-0.138718,0.0300478,-0.0932793,-0.103427,0.0232085,-0.124886,
0.0196404,0.00262641,-0.0638544,0.0820309,-0.098487,-0.0189495,-0.117324,-0.0351321,0.0429577,-0.08543,
-0.0357284,-0.00942807,-0.0531098,0.0374028,-0.0369818,-0.0179672,-0.0489239,0.056792,0.0206968,-0.0230257,
-0.0189198,-0.0165539,-0.015897,-0.00549493,-0.012281,-0.0154123,-0.0140389,0.0682815,-0.0202967,0.00513281,
-0.002493,-0.00188824,-0.00214934,-0.00341441,-0.00255818,-0.00231932,-0.00199737,0.0121744,-0.00278841,-6.05083e-005,
-6.33349e-006,-9.76042e-006,3.28131e-006,-8.43646e-006,-1.24292e-005,-9.78231e-006,-2.93604e-005,-1.06666e-005,-9.12513e-006,-1.31192e-005,
-0.000149615,-1.69804e-005,-0.0014139,-0.000598273,-0.000650643,-0.0004458,0.0024556,-0.00016508,-2.41431e-005,-0.000257948,
-0.00449875,-0.00481164,0.0149009,-0.00126177,-0.00403369,-0.00319457,0.00346734,-0.0034241,-0.00510543,-0.00360571,
-0.016068,-0.0251419,0.0398229,0.0207816,-0.00836213,-0.00596613,-0.0114021,-0.0236667,-0.0314984,-0.0252346,
-0.0308315,-0.0630966,0.0375985,0.061538,-0.0180013,-0.0162217,-0.047892,-0.0543975,-0.0391246,-0.063953,
-0.0455056,-0.0969903,-0.0175866,0.034142,-0.0358139,-0.0324491,-0.0717008,0.0173975,-0.0239144,-0.0729774,
-0.0410054,-0.117834,-0.0687542,-0.0655308,-0.0499656,-0.0475012,-0.0762883,0.0694445,-0.0150817,-0.0126117,
-0.0197218,-0.126159,-0.141972,-0.154245,-0.0206056,-0.0243186,-0.0460294,0.0296928,-0.0102974,0.0502504,
0.00462379,-0.138589,-0.196194,-0.145885,0.0359085,0.0271034,-0.00164187,-0.0584628,-0.0518246,0.0434286,
0.0138809,-0.155989,-0.186377,-0.0599724,0.0492554,0.0525024,0.0461253,-0.134555,-0.111789,0.0211995,
-0.00913423,-0.151061,-0.0872505,-0.039081,0.0611925,0.0131323,0.0661334,-0.171711,-0.124324,0.0399423,
-0.0493813,-0.130074,0.0157066,-0.101489,0.0964712,-0.069851,0.0544542,-0.140062,-0.0429408,0.00644728,
-0.0557481,-0.0677515,0.0378907,-0.130952,0.0114381,-0.104503,0.0850678,-0.104797,0.0973274,-0.0543798,
-0.0441565,-0.0137676,0.0473422,-0.139716,-0.0921592,-0.0858162,0.109808,-0.10977,0.093313,-0.105441,
-0.000996811,-0.00569882,0.0441063,-0.148775,-0.148187,-0.0134562,0.0622887,-0.108472,-0.00822931,-0.13897,
0.0515388,-0.0116776,-0.023561,-0.0267805,-0.149787,0.0108462,-0.0756243,-0.0823626,-0.0419452,-0.146403,
0.0291266,-0.00598139,-0.105351,0.0610286,-0.101093,-0.0229573,-0.158456,-0.0239644,0.043461,-0.107524,
-0.0436269,-0.0217745,-0.0743432,0.0237479,-0.0423227,-0.0271828,-0.0723083,0.0598618,0.031492,0.00812925,
-0.0248993,-0.0208076,-0.0197325,-0.010735,-0.0228876,-0.0192349,-0.0182514,0.0724395,-0.0261599,0.0272938,
-0.00232641,-0.00147278,-0.00179614,-0.00327806,-0.00317883,-0.00221376,-0.00164192,0.0135097,-0.00248586,-0.00244344,
3.39702e-005,1.80897e-005,-0.000176801,2.09496e-005,9.37417e-006,1.66508e-005,-5.17734e-005,4.32352e-006,2.51831e-005,3.98357e-006,
-0.000988199,-0.000812929,-0.000268046,-0.00142203,-0.00124153,-0.00100842,0.00438576,-0.000556015,-0.000540842,-0.000814637,
-0.00643056,-0.00565848,0.0234936,-0.00395968,-0.00939739,-0.00600573,0.00877348,-0.00635346,-0.0107032,-0.00710138,
-0.0140352,-0.0239732,0.0556728,0.0244734,-0.0317587,-0.0159465,-0.0186526,-0.0441443,-0.0426904,-0.0404088,
-0.033863,-0.0723931,0.0497255,0.0700169,-0.0493476,-0.0265678,-0.0569176,-0.0832965,-0.0298102,-0.0803401,
-0.0446689,-0.115787,-0.0275048,0.00524633,-0.0854209,-0.0424175,-0.0773744,0.00516072,4.34772e-005,-0.0476968,
-0.0332874,-0.137499,-0.0994382,-0.122151,-0.0900031,-0.0427973,-0.0532071,0.0562456,-0.00614967,0.0263135,
-0.00613712,-0.134593,-0.174929,-0.176711,-0.0403717,0.00766218,0.0117918,-0.0166106,0.0090056,0.0319169,
-0.00279169,-0.140655,-0.2004,-0.0848213,-0.0205985,0.0745056,0.0407684,-0.101827,0.0224283,-0.0347393,
-0.04466,-0.140598,-0.160233,0.0408372,-0.0347159,0.101632,0.0336948,-0.150142,0.0113601,-0.0454246,
-0.118273,-0.118961,-0.0509874,0.018665,0.00384552,0.0235536,-0.0247295,-0.180291,-0.00336519,0.0264468,
-0.163243,-0.0560218,0.0319367,-0.117983,0.0618464,-0.0962852,-0.0376061,-0.15541,0.0489381,-0.00838567,
-0.139331,0.0226159,0.0394636,-0.16668,0.000162095,-0.13618,0.0309552,-0.106005,0.0762147,-0.0742493,
-0.113867,0.0457853,0.0689657,-0.15985,-0.0904341,-0.111836,0.0887283,-0.0832035,-0.0251716,-0.11059,
-0.0479503,0.011037,0.0370319,-0.163129,-0.138181,-0.054114,0.0851186,-0.0628504,-0.117683,-0.140899,
0.0178687,-0.0377673,-0.0622288,-0.046582,-0.134784,-0.0170793,-0.0559665,-0.0442409,-0.0726749,-0.129214,
0.0206914,-0.0564358,-0.137166,0.0280222,-0.0917957,-0.017918,-0.181497,-0.0176301,0.0652738,-0.075811,
-0.0338964,-0.0480217,-0.080216,0.0133591,-0.0426287,-0.0258956,-0.0849681,0.0519909,0.0345195,0.0272584,
-0.0229258,-0.0187127,-0.0177972,-0.0106664,-0.0244076,-0.0191254,-0.0169618,0.0589771,-0.0235275,0.0319357,
-0.00206071,-0.00152822,-0.00145732,-0.00319571,-0.00258222,-0.00205479,-0.00147188,0.0118097,-0.00227209,-0.00427022,
2.68407e-005,9.64027e-005,-0.000408047,8.28018e-005,7.0821e-005,8.19781e-005,7.92772e-005,5.76857e-005,0.000103413,8.71253e-005,
-0.0016976,-0.00139824,0.00212031,-0.00145538,-0.00106822,-0.000903151,0.00248305,-0.000455003,-0.000582317,-0.000643221,
-0.00996531,-0.00569232,0.032978,-0.00881832,-0.0147035,-0.0106982,0.0125785,-0.0107501,-0.0161751,-0.0113886,
-0.0129607,-0.012836,0.0614761,0.0206939,-0.0569002,-0.0354907,-0.0142166,-0.0688606,-0.0493901,-0.0668471,
-0.0297125,-0.0667728,0.0313621,0.0518971,-0.100619,-0.0436161,-0.0463308,-0.116397,-0.00283417,-0.0956091,
-0.042932,-0.107562,-0.0565344,-0.0449847,-0.155978,-0.0480103,-0.0500681,-0.0302093,-0.0107353,-0.00363306,
-0.0250827,-0.0975053,-0.128642,-0.149843,-0.134188,-0.0400533,-0.00738871,0.0398693,-0.0512854,0.013405,
0.0043575,-0.0579081,-0.169418,-0.126996,-0.0844413,0.0284764,0.0160437,-0.0320734,-0.0343292,-0.0690893,
-0.0427267,-0.0220729,-0.166938,0.00807024,-0.0929332,0.0545496,-0.0182456,-0.10191,0.0298512,-0.120816,
-0.13531,0.0194534,-0.133177,0.0714405,-0.110901,0.0491325,-0.0746831,-0.163193,0.074284,-0.0954123,
-0.218571,0.0454531,-0.0553502,-0.0267329,-0.0667959,-0.0451097,-0.12389,-0.216502,0.0465391,-0.0220855,
-0.225636,0.085791,-0.00776561,-0.169006,0.0172987,-0.147696,-0.0695786,-0.171884,0.020484,-0.069898,
-0.189175,0.114251,0.0179993,-0.206043,-0.00472993,-0.169947,-0.00478215,-0.0815372,-0.0347311,-0.0990302,
-0.157688,0.0711694,0.0410967,-0.189939,-0.0739294,-0.130277,0.0232675,-0.033464,-0.108537,-0.106511,
-0.0838542,-0.0160878,-0.0130376,-0.150024,-0.113897,-0.0811076,0.0435035,-0.0265824,-0.136503,-0.115797,
-0.0180353,-0.068173,-0.105185,-0.0405084,-0.10745,-0.0387376,-0.0499955,-0.0488821,-0.0585019,-0.0946069,
0.00519636,-0.0711777,-0.15213,0.0127101,-0.0660378,-0.022859,-0.16128,-0.0363618,0.0528518,-0.0628452,
-0.0286538,-0.0558322,-0.0751448,0.0035669,-0.0324734,-0.0260474,-0.0857112,0.0368902,0.0289691,0.00778533,
-0.0213801,-0.017472,-0.016828,-0.016079,-0.0198129,-0.0191688,-0.0172157,0.0577192,-0.0212184,0.0218061,
-0.00271277,-0.00229683,-0.0022027,-0.0035448,-0.00317692,-0.00271541,-0.00214966,0.0138431,-0.00305735,-0.00567919,
-0.000252735,-3.01108e-005,-0.000609623,-8.97984e-005,-0.00026869,-0.000119769,0.000646357,-0.000162109,-5.86008e-005,-0.000131327,
-0.0038319,-0.00210583,-0.00152625,-0.00248268,-0.00298796,-0.00193814,0.0112809,-0.001547,-0.00178478,-0.00179207,
-0.0179818,-0.00928126,0.0325181,-0.0160907,-0.0206928,-0.0224019,0.0477143,-0.0179857,-0.0240313,-0.0198217,
-0.0136204,-0.0247588,0.0587718,0.00899267,-0.0841275,-0.0573517,0.0337355,-0.0922789,-0.033389,-0.0996605,
-0.0195472,-0.0705897,0.000741026,0.0176328,-0.164266,-0.0440374,-0.00865506,-0.151897,0.015638,-0.0851112,
-0.0201952,-0.0749699,-0.0841671,-0.0661836,-0.214908,-0.0565139,-0.0411843,-0.0516248,-0.0520311,0.0391994,
-0.0126793,-0.0127443,-0.128465,-0.118953,-0.183088,-0.0454751,-0.0449173,0.0593857,-0.114535,-0.0353466,
-0.039503,0.0851322,-0.133044,-0.0314296,-0.129922,-0.0212687,-0.0697383,-0.0136587,-0.114468,-0.12812,
-0.132829,0.134157,-0.122027,0.0688183,-0.127192,-0.032743,-0.124201,-0.111547,-0.0477737,-0.12847,
-0.221461,0.123447,-0.109951,0.0364567,-0.140897,-0.034532,-0.133174,-0.188752,0.0202832,-0.08114,
-0.268784,0.0880537,-0.0848398,-0.0771439,-0.0910816,-0.0979915,-0.0886063,-0.195802,0.00836755,-0.0422333,
-0.256217,0.0669053,-0.0608906,-0.186826,-0.000300498,-0.162269,-0.0390721,-0.10062,-0.0216999,-0.075707,
-0.214273,0.025888,-0.026478,-0.217239,0.00446548,-0.163287,-0.0478324,-0.00726429,-0.0646012,-0.0543327,
-0.159123,-0.0258357,-0.0154201,-0.180722,-0.0462721,-0.115899,-0.0208234,0.00284716,-0.0980222,-0.0548211,
-0.0915642,-0.0650425,-0.0588316,-0.0908618,-0.0810689,-0.0867686,0.00152181,-0.0463713,-0.100596,-0.0720918,
-0.0253759,-0.0634483,-0.123817,-0.000724153,-0.0781793,-0.0394968,-0.0577842,-0.0815549,-0.060558,-0.0826836,
-0.00279758,-0.0445335,-0.141136,-1.60072e-005,-0.0481473,-0.0231861,-0.128593,-0.0565059,0.00477549,-0.0626357,
-0.026007,-0.0393543,-0.0659105,-0.0212952,-0.0319689,-0.0255917,-0.0771743,0.0194118,0.0189425,0.00405469,
-0.0203205,-0.0145513,-0.0151214,-0.021606,-0.0193318,-0.0176805,-0.0159319,0.048679,-0.0137099,0.0207222,
-0.00328344,-0.00207587,-0.00248002,-0.00347529,-0.00400804,-0.00275041,-0.00252871,0.0119675,-0.00343277,-0.00309893,
-7.79649e-005,3.69535e-005,-0.00024206,1.16972e-006,-0.000270395,-1.38848e-005,1.58091e-005,-5.22474e-005,4.12432e-005,-1.50655e-005,
-0.0061049,-0.00287838,-0.00612224,-0.00367535,-0.0031187,-0.00368404,0.0249799,-0.00252374,-0.00345385,-0.00320534,
-0.0257467,-0.0118652,0.0205926,-0.0185151,-0.0249442,-0.0293384,0.0972068,-0.0235202,-0.0299181,-0.0275851,
-0.0142549,-0.0262877,0.0522954,0.00422235,-0.0983986,-0.0554071,0.0812015,-0.0993136,-0.0165298,-0.112678,
0.0122986,-0.0550981,0.00389404,0.00292192,-0.179888,-0.0342831,-0.0273628,-0.166423,0.016437,-0.0581692,
0.00617382,-0.0453239,-0.078947,-0.0599071,-0.217188,-0.0565087,-0.118849,-0.0515139,-0.0825507,0.0509626,
-0.0312583,0.0252564,-0.108137,-0.0509599,-0.170543,-0.0846902,-0.137101,0.0834902,-0.157528,-0.0631469,
-0.107956,0.0852783,-0.080078,0.0328225,-0.115437,-0.0888127,-0.154386,0.0117905,-0.124774,-0.115927,
-0.178746,0.0730756,-0.0743005,0.0553095,-0.0856743,-0.083711,-0.150644,-0.0849061,-0.0369662,-0.066892,
-0.251395,-0.00214164,-0.104184,0.0046994,-0.0830492,-0.0641944,-0.101812,-0.120979,0.00161939,-0.0035994,
-0.279588,-0.0875829,-0.104797,-0.0506679,-0.0279623,-0.0877787,-0.039377,-0.0753596,-0.0544564,0.0179099,
-0.245897,-0.126596,-0.0597862,-0.118079,0.0384088,-0.124315,-0.0448201,-0.002414,-0.072674,0.0163723,
-0.181606,-0.135375,-0.0289348,-0.132718,0.0271188,-0.0891323,-0.0730991,0.0144558,-0.0676648,0.00971855,
-0.114618,-0.12484,-0.0309924,-0.0803355,-0.0388307,-0.0503812,-0.00803145,-0.0323791,-0.0738269,-0.0315429,
-0.0500004,-0.104989,-0.0473162,0.00243597,-0.0804785,-0.0439488,0.0107844,-0.0843098,-0.0776516,-0.0698679,
-0.00129277,-0.0698615,-0.0893459,0.03242,-0.0826397,-0.0107768,-0.0516628,-0.0902223,-0.0585832,-0.0724036,
-0.00654758,-0.0370927,-0.0896903,-0.0117123,-0.0469919,-0.0102135,-0.093296,-0.0462585,-0.0115484,-0.0294649,
-0.0306731,-0.0318562,-0.0455845,-0.033448,-0.0322964,-0.0227001,-0.0584738,0.0100605,0.019543,0.0273512,
-0.0194147,-0.0136765,-0.0152621,-0.0216782,-0.0228018,-0.0154599,-0.0161961,0.0331103,-0.0134015,0.0280729,
-0.00428533,-0.00259826,-0.00299656,-0.0041135,-0.00468136,-0.00252768,-0.00340004,0.0106358,-0.00389494,-0.00123001,
0.000453255,0.00028683,0.000287112,0.000290637,0.000254806,0.000416867,-0.00172045,0.000287086,0.000371858,0.000372721,
-0.00741001,-0.00434118,-0.00717524,-0.00468988,-0.00499536,-0.00513305,0.0364059,-0.00330374,-0.00464081,-0.00441548,
-0.0257179,-0.00970688,0.0126696,-0.0164967,-0.028918,-0.030824,0.120615,-0.0226762,-0.0330794,-0.0283018,
-0.0011905,0.000697697,0.0406624,0.00298623,-0.089697,-0.0467872,0.0719337,-0.0957787,-0.0144186,-0.107859,
0.0286376,-0.0202374,0.00755931,-0.00468381,-0.141448,-0.019508,-0.0721682,-0.158321,0.0323943,-0.0605284,
0.016388,-0.0350078,-0.0567268,-0.0429895,-0.161209,-0.0599793,-0.188809,-0.0433676,-0.0945171,0.0305901,
-0.0488612,-0.0200092,-0.0695952,-0.0343508,-0.125378,-0.109805,-0.211436,0.0860751,-0.158847,-0.0287297,
-0.117171,-0.0255251,-0.0445571,0.00659679,-0.0663529,-0.135313,-0.190763,0.0500186,-0.0891077,-0.0379443,
-0.172328,-0.0730208,-0.0531903,-0.00328412,-0.0174873,-0.137872,-0.129395,-0.00277318,0.00712728,0.0235464,
-0.224402,-0.15362,-0.0819784,-0.0256251,0.00965566,-0.0829068,-0.0626931,-0.0057865,-0.0434503,0.0552236,
-0.232062,-0.194764,-0.0713628,-0.0132338,0.0446042,-0.0417694,-0.042417,0.00884372,-0.165972,0.0342803,
-0.182188,-0.18788,-0.0316335,-0.0191238,0.0533995,-0.0401739,-0.0656103,0.00800159,-0.152869,0.00868083,
-0.107727,-0.16424,-0.0249771,-0.0122552,0.0115121,-0.0139618,-0.0270486,-0.0438524,-0.0974138,-0.0321169,
-0.0395383,-0.135238,-0.018943,0.0163067,-0.0576547,-0.00472589,0.0413019,-0.0874735,-0.0825373,-0.0678656,
-0.0102568,-0.109747,-0.0118602,0.0392832,-0.0716508,0.00487938,0.014487,-0.103577,-0.07122,-0.0784211,
0.00195009,-0.0730895,-0.0304632,0.0179824,-0.0493274,0.00681145,-0.0484507,-0.0826637,-0.0359625,-0.0469559,
-0.0142534,-0.0363364,-0.0459769,-0.0288888,-0.0181512,-0.00113445,-0.0669176,-0.0463168,-0.00321144,-0.00809147,
-0.0260755,-0.0246219,-0.030774,-0.031614,-0.00299445,-0.0150283,-0.0430576,-0.00785497,0.00331149,0.022614,
-0.0116702,-0.00796076,-0.0093916,-0.0113301,-0.012003,-0.00532007,-0.0107859,0.00773509,-0.00843621,0.0230227,
-0.00292189,-0.00162163,-0.00189906,-0.00249669,-0.00349297,-0.00152044,-0.00229568,0.00476563,-0.00236101,0.00224249,
0.000475645,0.000231097,0.000430173,0.000243534,0.000341025,0.000369024,-0.00222313,0.00024876,0.000325319,0.000322358,
-0.00621498,-0.00346964,-0.00693892,-0.00364755,-0.00425473,-0.00448853,0.0334673,-0.00226722,-0.00367928,-0.00321899,
-0.0159203,-0.0106746,0.00781251,-0.0108814,-0.0214269,-0.0208297,0.0999837,-0.0156347,-0.0254133,-0.0197743,
0.0111067,0.0088486,0.0258361,0.00434279,-0.057271,-0.025566,0.0315401,-0.0773678,-0.0186222,-0.0895336,
0.0319671,-0.00470807,0.00341427,0.00635019,-0.0788242,0.00359042,-0.104963,-0.137608,0.0280597,-0.0861387,
0.0228314,-0.0369426,-0.0321195,-0.0158348,-0.0725438,-0.0432302,-0.198272,-0.0363502,-0.062403,-0.0183188,
-0.016623,-0.0713667,-0.0475075,-0.031907,-0.0581256,-0.0985133,-0.216888,0.0693189,-0.0996255,-0.0116418,
-0.051048,-0.109538,-0.0301917,-0.032943,-0.012714,-0.154137,-0.192287,0.0684924,-0.0170824,0.00164767,
-0.0857232,-0.140833,-0.0190247,-0.0591698,0.0264611,-0.162519,-0.100133,0.0486717,0.0176747,0.0383939,
-0.0949429,-0.14916,-0.0139079,-0.0590041,0.0250345,-0.0965866,-0.00159758,0.034865,-0.097623,0.0216466,
-0.0848737,-0.144373,-0.0285987,-0.00167031,0.0288963,-0.0311084,0.0161085,0.0110518,-0.172041,-0.0447625,
-0.052025,-0.137109,-0.0283448,0.0168592,0.0310788,-0.00366445,0.0187702,-0.0246534,-0.160172,-0.0952195,
-0.00736297,-0.118928,-0.0221504,0.0284994,-0.02082,0.000577821,0.0611533,-0.0782387,-0.115125,-0.10109,
0.00905519,-0.0995574,-0.00015652,0.0282665,-0.0628048,0.00486984,0.052987,-0.0922783,-0.076269,-0.0889371,
-0.00493269,-0.0841214,0.0300852,0.0219828,-0.0476426,5.85783e-005,-0.0107522,-0.0848741,-0.0453488,-0.0706268,
-0.00446411,-0.0543869,0.00913837,-0.00796357,-0.0156405,0.00520709,-0.0425004,-0.0626374,-0.0129477,-0.0397604,
-0.00966751,-0.0266496,-0.0204893,-0.0278472,0.00503239,-0.00214133,-0.0435669,-0.0417025,-0.00409199,-0.0144518,
-0.0159296,-0.0150944,-0.0137184,-0.00935055,0.0079544,-0.0101449,-0.0240052,-0.0172816,-0.00969943,0.0103754,
-0.00619375,-0.0042211,-0.00307437,-0.00243214,-0.00635917,-0.00434163,-0.00583222,-0.00139667,-0.00418686,0.0106073,
-0.00142312,-0.000874861,-0.0012875,-0.00154219,-0.0019144,-0.00134994,-0.00128485,0.000328653,-0.00115062,0.00326362,
0.000153612,3.64146e-005,8.96138e-005,3.29641e-005,8.83535e-005,6.6765e-005,-0.000541603,6.51061e-005,5.77e-005,7.28702e-005,
-0.0035542,-0.00159992,-0.00373346,-0.00170538,-0.00217578,-0.00289629,0.0177854,-0.000906872,-0.00179586,-0.00130075,
-0.00638698,-0.00968993,0.00413342,-0.00644467,-0.0102579,-0.00873178,0.055782,-0.00939173,-0.0139724,-0.0114979,
0.0177436,-0.00342973,0.0147276,-0.00603638,-0.0218286,0.0106086,-0.0113005,-0.0542949,-0.0154314,-0.0640388,
0.018144,-0.00946422,0.0122237,0.0186623,-0.0227769,0.0288277,-0.109576,-0.107508,0.0205217,-0.0916278,
0.0187925,-0.0605501,-0.0091201,0.0139846,-0.0143825,-0.012536,-0.1685,-0.0474801,-0.0097612,-0.062545,
0.0258371,-0.114124,-0.021261,-0.0169965,-0.00694965,-0.0711589,-0.188368,0.0347713,-0.0126235,-0.0578752,
0.0370604,-0.127601,-0.000976333,-0.058946,0.0122156,-0.13867,-0.16085,0.0579973,0.0355828,-0.0437859,
0.0419475,-0.106853,0.02162,-0.0831798,0.0107072,-0.136627,-0.062893,0.0485996,-0.00694065,-0.0133771,
0.0536847,-0.0860359,0.00675369,-0.0641184,-0.000955402,-0.0836716,0.0496253,0.0151078,-0.0874505,-0.0413692,
0.0548228,-0.0843079,-0.0368867,-0.0274675,0.00895408,-0.0390831,0.0874476,-0.0270758,-0.11508,-0.0820709,
0.0544518,-0.0840181,-0.0398522,-0.00458866,-0.00794176,-0.0147203,0.0859319,-0.0494973,-0.108437,-0.0941097,
0.0410184,-0.0768694,0.000291394,0.00114421,-0.0379566,-0.00744155,0.0739219,-0.0735442,-0.0879507,-0.0868939,
0.0139936,-0.0618474,0.0439906,0.00858605,-0.0450461,0.000658922,0.0129398,-0.0705422,-0.0576062,-0.0658552,
-0.00272672,-0.0523035,0.0498704,0.00833219,-0.0304281,0.00168554,-0.0297011,-0.0566619,-0.036682,-0.0472576,
-0.000640321,-0.0335006,0.0194936,-0.0148081,-0.0112264,0.000714412,-0.0344067,-0.0405539,-0.0189713,-0.0230037,
-0.00492568,-0.0133896,-0.00382257,-0.0137442,0.00643129,-0.00660553,-0.0266053,-0.0233923,-0.0150298,-0.00363345,
-0.00998738,-0.00742834,-0.00327168,0.000619273,0.00332005,-0.00697423,-0.0115413,-0.00969212,-0.00963026,0.0104165,
-0.00202227,-0.00152979,-0.000690324,-0.00156074,-0.00222295,-0.00235201,-0.00200225,-0.00162683,-0.00182591,0.00771651,
-0.000162588,-7.54444e-005,-0.000239622,-0.00018658,-0.0003033,-0.000114859,-0.000119449,7.74101e-005,-8.82368e-005,0.00047222,
6.66159e-005,5.27411e-005,7.80333e-005,4.47495e-005,6.15652e-005,7.18053e-005,-0.000446584,4.46384e-005,5.15302e-005,5.21281e-005,
-0.00107637,-0.00066501,-0.0010618,-0.000240976,-0.000850626,-0.00151419,0.00643326,-0.000189811,-0.000461364,-0.000242431,
-0.00278557,-0.00308857,-0.000786489,-0.00537526,-0.00134725,0.000629774,0.0160616,-0.00430569,-0.00573984,-0.00513707,
0.00781714,-0.00478491,-0.00112746,-0.0198559,0.00457613,0.036552,-0.0303717,-0.0296689,-0.0123232,-0.0351722,
-0.000200865,-0.0232302,0.00501255,-0.00019415,0.0204657,0.0522663,-0.0777676,-0.064502,0.011978,-0.0696659,
0.00337526,-0.0602316,0.0040773,0.00683406,0.0109795,0.0251327,-0.106378,-0.0424479,0.0286379,-0.0765809,
0.0300747,-0.0920738,-0.0110703,-0.0247374,0.00584433,-0.0272632,-0.125258,9.67398e-005,0.0462021,-0.0740143,
0.0764781,-0.0773375,-0.00412257,-0.0507255,-0.000636013,-0.0795784,-0.0987213,0.0139603,0.0435882,-0.0486438,
0.10951,-0.0495703,-0.00634536,-0.0525044,-0.0113929,-0.0806329,-0.0260789,0.00316713,-0.0198954,-0.0286813,
0.118421,-0.0403121,-0.0331499,-0.0474718,-0.00995531,-0.0616284,0.0388226,-0.0205446,-0.0491308,-0.0407194,
0.0948321,-0.0419532,-0.0546496,-0.0353462,-0.00407014,-0.0387633,0.0623826,-0.0330163,-0.0603757,-0.0514245,
0.0627761,-0.0441403,-0.0287834,-0.0203381,-0.0157498,-0.0208331,0.0474517,-0.0376821,-0.0607008,-0.056554,
0.0281371,-0.0438051,0.0349613,-0.00801614,-0.0286124,-0.00347173,0.0104953,-0.0440015,-0.0461094,-0.0530537,
0.00386491,-0.0383231,0.0681962,-0.00244768,-0.0267732,0.00776687,-0.015173,-0.042332,-0.0324978,-0.0414809,
0.00665643,-0.0265539,0.0383572,-0.00182318,-0.014414,-0.00017402,-0.0192876,-0.0317415,-0.0225697,-0.0270738,
0.00635515,-0.014987,0.0175856,-0.00747797,-0.00221189,-0.00553514,-0.0216321,-0.0198124,-0.0139103,-0.0113451,
-0.00385604,-0.0048649,0.00712862,-0.00151437,0.00256649,-0.00341995,-0.0110427,-0.00963168,-0.00908277,0.00273091,
-0.00321107,-0.00185127,0.000235036,0.00106586,-0.000292111,-0.00222377,-0.00292916,-0.0030965,-0.00313277,0.00691802,
-9.92065e-005,-0.000109194,-0.00038993,-0.00038276,-0.00044299,-0.000197011,-9.80353e-005,-0.000371583,-8.42322e-005,0.00224471,
4.04892e-005,2.64352e-005,3.68354e-005,4.1093e-005,4.68021e-005,3.63296e-005,3.78335e-005,-5.25084e-007,3.24784e-005,-9.55129e-005,
2.16449e-005,1.69363e-005,2.72221e-005,1.58978e-005,1.97273e-005,2.54396e-005,-0.000158174,1.35236e-005,1.89662e-005,1.73186e-005,
-0.000318276,-0.000166486,-0.000134098,5.80089e-005,-0.000277463,-0.000623436,0.00187768,-1.15973e-005,-0.00015186,-2.57116e-005,
0.000211817,-0.000227939,-0.00159411,-0.0015214,0.000138553,0.0017912,0.00185785,-0.000687386,-0.00091961,-0.000937933,
0.00151251,-0.00322346,-0.0120463,-0.0172441,0.0100439,0.032022,-0.0160307,-0.012332,-0.00358671,-0.0146315,
-0.0106447,-0.0189989,-0.0165552,-0.0192884,0.0314732,0.0588399,-0.0382167,-0.0315919,0.00192138,-0.0351446,
-0.0145904,-0.0393619,-0.0207764,-0.0134825,0.0280546,0.0548887,-0.0558088,-0.038827,0.022751,-0.0493926,
0.007286,-0.0478198,-0.0308595,-0.0236058,0.0115525,0.0197188,-0.0590277,-0.02921,0.054522,-0.0509629,
0.0503377,-0.0291735,-0.0214837,-0.0207297,-0.00280166,-0.0218581,-0.0385752,-0.0166036,0.0297284,-0.027013,
0.0764355,-0.0175673,-0.0265315,-0.0206521,-0.0105028,-0.0311691,-0.0136026,-0.0131246,-0.014799,-0.017231,
0.0757337,-0.01758,-0.0342844,-0.025473,-0.0119736,-0.032721,0.00687055,-0.0176313,-0.0202767,-0.0184609,
0.0614305,-0.0193412,-0.032462,-0.0237176,-0.00851874,-0.027872,0.014006,-0.019155,-0.0237347,-0.022381,
0.0400267,-0.0204836,-0.00633648,-0.0168272,-0.00795678,-0.0168586,0.00682493,-0.0198644,-0.0304059,-0.0263624,
0.0215098,-0.0212095,0.0456465,-0.00892269,-0.0165377,-0.00879942,-0.0104737,-0.022397,-0.0277216,-0.0251167,
0.0138459,-0.0185269,0.0535626,-0.007017,-0.0171622,-0.00621287,-0.0138368,-0.0210053,-0.0194878,-0.0197987,
0.0101359,-0.0138188,0.0326575,-0.00633216,-0.010742,-0.00635648,-0.0114926,-0.0141774,-0.0108258,-0.0121627,
0.00067975,-0.00763745,0.0229466,-0.0034412,-0.00482391,-0.00311108,-0.00880051,-0.00687621,-0.00395346,-0.00462882,
-0.00311453,-0.00210355,0.00802713,-0.00212786,3.11336e-005,0.000594326,-0.00274114,-0.00310399,-0.0022502,0.00255552,
-0.00164079,-0.000671368,-6.81196e-005,-0.000969135,0.0010971,-0.000519224,-0.00120749,-0.00161013,-0.00110117,0.00445988,
-0.000365172,-0.000144418,-0.00059971,-0.000149926,-0.000456842,-0.000214933,-0.000277631,-0.000406536,-0.000198994,0.00226128,
3.91851e-005,1.68604e-005,4.34523e-005,1.96158e-005,4.18654e-005,1.99759e-005,3.0163e-005,4.37233e-005,2.34016e-005,-0.00021783,
-1.6442e-006,-1.34067e-006,-1.97186e-006,-1.22112e-006,-1.55219e-006,-1.90737e-006,1.04499e-005,-1.14719e-006,-1.33721e-006,-1.35372e-006,
1.47525e-005,4.03194e-005,4.9706e-005,4.03377e-005,2.32568e-005,-6.91106e-005,-9.06769e-005,2.73825e-005,-1.84055e-005,3.40923e-005,
0.00018384,3.27976e-005,0.000111515,0.000185822,-0.00093586,0.000781438,-0.000315161,0.000257545,0.00039839,0.000272433,
-0.0019068,-0.00321034,-0.00479154,-0.00505478,0.0057582,0.0134633,-0.00472313,-0.00373673,-0.000740932,-0.00452225,
-0.00967811,-0.00988334,-0.0142521,-0.0145167,0.0194665,0.035378,-0.0146697,-0.0124831,-0.00130083,-0.0144111,
-0.012527,-0.017207,-0.0218584,-0.0179226,0.0119316,0.0463351,-0.0219284,-0.0186139,0.00792829,-0.0193076,
-0.00547265,-0.0185112,-0.0232167,-0.0173952,-0.00440622,0.038021,-0.0203481,-0.0186661,0.0250597,-0.0194515,
0.00870084,-0.00777661,-0.0123294,-0.00824678,-0.00360851,0.00368812,-0.0072535,-0.00795164,0.00786655,-0.00862871,
0.0168887,-0.00464949,-0.00967379,-0.00694841,-0.00541338,-0.0080117,-0.00168019,-0.00449045,-0.00620929,-0.00539562,
0.0187807,-0.00510068,-0.0105849,-0.00802139,-0.00731001,-0.00879258,0.00138412,-0.0074272,-0.00335773,-0.00556995,
0.0195147,-0.00626635,-0.00984468,-0.00803625,-0.00759707,-0.0101266,0.000521893,-0.00553302,-0.00565034,-0.0073284,
0.0178088,-0.00768661,0.00456432,-0.00717149,-0.00831938,-0.0106017,-0.00310595,-0.00735313,-0.0108996,-0.00892228,
0.0115861,-0.00976237,0.0326845,-0.0084696,-0.00928046,-0.0114772,-0.00772752,-0.0102972,-0.0133325,-0.010481,
0.00703566,-0.006317,0.0251671,-0.00488965,-0.0063007,-0.00721763,-0.00673813,-0.0063015,-0.00838824,-0.00618091,
0.000540298,-0.00434453,0.0160483,-0.00207664,-0.00322332,-0.00234707,-0.00283232,-0.00328941,-0.00434643,-0.00322134,
-0.00146,-0.00274483,0.0115423,-0.00239749,-0.00174579,6.61474e-005,-0.00206395,-0.00144847,-0.00273099,-0.0014699,
-0.00087223,-0.000294303,0.00134243,-0.000634742,-0.000461852,0.000230799,-0.000461694,-0.000557766,-0.000674204,0.00130554,
-0.000473076,-0.000184645,-0.000114958,-0.000257143,-0.000180818,-0.000271897,-0.000344997,-0.000517058,-0.000257582,0.00190755,
-0.000125734,-5.2363e-005,-0.000179153,-5.17024e-005,-0.000142621,-5.97055e-005,-9.73199e-005,-0.000142714,-7.15753e-005,0.000712135,
1.24519e-005,5.15899e-006,1.37951e-005,5.54452e-006,1.30001e-005,5.75923e-006,9.41277e-006,1.37672e-005,7.19162e-006,-6.56043e-005,
-8.61144e-008,-5.96064e-008,-1.09526e-007,-5.70314e-008,-7.22402e-008,-9.55291e-008,7.16419e-007,-4.38618e-008,-7.80722e-008,-6.32544e-008,
2.56141e-006,-5.36061e-007,-9.56142e-007,-1.98997e-006,1.83254e-006,6.11157e-006,-1.02978e-005,-1.15609e-006,1.15794e-006,-1.24104e-006,
5.17011e-005,4.50526e-005,7.02596e-005,7.12316e-005,-0.000155103,-0.000113347,6.83683e-005,6.47199e-005,-1.27958e-005,7.31558e-005,
-0.000478648,-0.000144278,-0.000222491,-0.000220313,0.00125066,3.25165e-006,-0.000270749,-0.00029046,-9.15903e-006,-0.000296089,
-0.0023596,-0.00165192,-0.00196477,-0.00165244,0.00338222,0.00177587,-0.00212116,-0.00176474,0.00249667,-0.00218907,
-0.0068422,-0.0055945,-0.00667066,-0.00541299,0.000246276,0.0166708,-0.00678794,-0.00526945,0.00510808,-0.00635918,
-0.00566015,-0.00483041,-0.00576205,-0.00457183,-0.00192126,0.0174939,-0.00543234,-0.00445451,0.00253962,-0.00488062,
-0.001394,-0.000777909,-0.00085639,-0.000807443,-0.00021778,0.00278682,-0.000963949,-0.000675537,0.00148243,-0.00079719,
0.0014535,0.000159374,0.000225685,0.000136961,-6.49281e-005,-6.04128e-005,0.000306481,1.83909e-005,0.000182596,3.02627e-005,
-0.000556619,-2.95001e-006,-0.000212646,0.000102422,-0.000311216,0.00018794,0.0016609,-0.000147629,0.000293661,-0.000158037,
-0.0018661,-0.000282264,0.0018716,-0.000335677,-0.00088766,-0.000196973,0.000395226,0.000855625,-0.000280961,-0.000392262,
-0.00223349,-0.000812584,0.00587639,-0.0009276,-0.00147091,-0.00100108,-0.000963299,0.000123713,-0.000874099,-0.000756696,
-0.00174523,-0.00100176,0.00818699,-0.000979019,-0.000727073,-0.00100679,-0.000831131,-0.000940818,-0.00109416,-0.00093676,
-0.000313506,-0.000343757,0.00274718,-0.000330714,-0.000103392,-0.000271608,-0.000357775,-9.50833e-005,-0.000290503,-0.000140285,
0.000889675,-0.000379141,0.00223295,-0.000455822,-0.00013743,-0.000369959,-0.000313467,-0.000124385,-0.000462812,-0.000164501,
0.00254787,0.00031986,0.000315543,-0.000447311,-0.000235767,-0.000441665,-0.000501992,-0.000298339,-0.000449119,-0.000333789,
0.000749762,-7.95142e-006,-0.000255284,1.6078e-005,-2.08771e-005,-5.02213e-005,-3.32795e-005,1.89437e-005,3.00219e-005,-8.86597e-005,
-5.00995e-005,1.71777e-005,-1.08975e-005,2.6743e-005,-1.07026e-005,2.18743e-005,3.6742e-005,4.07093e-005,2.63985e-005,-7.73598e-005,
8.20932e-006,3.41334e-006,1.34087e-005,3.33812e-006,1.02118e-005,4.39161e-006,6.39883e-006,9.37342e-006,4.63911e-006,-4.97237e-005,
-8.39411e-007,-3.52549e-007,-9.27833e-007,-3.85963e-007,-8.78287e-007,-3.9972e-007,-6.38746e-007,-9.3008e-007,-4.90405e-007,4.47353e-006,
0,0,0,0,0,0,0,0,0,0,
0,0,0,0,0,0,0,0,0,0,
-9.54248e-007,-1.35542e-005,3.64292e-007,-2.66437e-007,1.94196e-005,1.17208e-005,-2.40288e-006,-8.59543e-007,-1.91914e-005,-1.07816e-006,
3.87024e-005,0.000154066,2.96125e-005,2.52321e-005,-0.000158171,-6.70579e-005,6.443e-005,3.67241e-005,-2.41302e-005,5.34327e-005,
-0.000501332,-0.000365468,-0.000575935,-0.000384677,-0.000555807,-0.00085073,-0.000705137,-0.000486431,0.00363693,-0.000736572,
-0.000682154,-0.000534387,-0.000616442,-0.000548947,-0.000634245,-0.000214736,-0.000806349,-0.000585896,0.00416799,-0.00087824,
0.000231687,0.00027287,0.000319219,0.000219241,-0.000123435,-0.000411525,0.000283717,0.000228132,0.000139367,0.000256521,
0.000217196,3.94866e-005,3.98575e-005,2.76227e-005,-2.44166e-005,-0.000261081,3.74731e-005,4.04219e-005,0.000178728,4.53192e-005,
0.00104084,-3.61039e-005,-6.90266e-005,-7.13723e-005,-5.01824e-005,-7.09779e-005,-0.000176675,-6.62316e-005,-6.76952e-005,-6.74403e-005,
0.000314689,1.84062e-005,-1.62778e-006,1.07335e-005,4.13848e-005,8.0973e-006,-0.000178204,2.60611e-005,-1.25238e-005,8.94566e-006,
-6.07213e-005,-3.10846e-005,0.00032289,-2.021e-005,-2.6888e-005,-4.21954e-005,-0.000236223,-0.000133165,-4.04553e-005,6.75805e-005,
-0.000101604,-8.02735e-005,0.000475524,-7.46125e-005,-0.00012531,-0.00011083,-0.000344068,-0.000178034,-8.82242e-005,3.56939e-005,
9.837e-005,0.000110022,-0.00073538,9.85603e-005,7.51721e-005,9.79941e-005,6.95112e-005,0.000106213,0.000129213,9.29243e-005,
-4.02269e-005,5.51993e-005,-0.000332808,5.55177e-005,4.19448e-005,4.66169e-005,6.49631e-005,4.37e-005,6.11138e-005,4.56162e-005,
0.000579515,8.2263e-005,-0.000306674,-6.33665e-006,-1.81882e-005,-2.08969e-005,-5.79695e-005,-2.61609e-005,3.33674e-006,-2.37491e-005,
0.00111785,0.00041429,-0.000249969,-0.000147232,-0.000109136,-0.000141635,-0.000203758,-0.00014192,-0.000144767,-0.00014061,
0.000284772,-3.57792e-005,-1.04173e-005,-1.68608e-005,-1.49874e-005,-2.03064e-005,-3.59699e-005,-1.6082e-005,-1.24944e-005,-1.60022e-005,
-3.54755e-005,1.30818e-006,2.58292e-006,2.53927e-006,2.14096e-006,2.86538e-006,4.82305e-006,2.43818e-006,2.07673e-006,2.42193e-006,
0,0,0,0,0,0,0,0,0,0,
0,0,0,0,0,0,0,0,0,0,
